"DESCRIPTION","DURATION IN MS","NAME","PARENT SUITE","START TIME","STATUS","STOP TIME","SUB SUITE","SUITE","TEST CLASS","TEST METHOD"
"","978","@regression get albums data test","chromium","2026-10-01","passed","2026-10-01","","api/spotify.oauth2.spec.ts","",""
"","3403","@regression home page headers exist test","chromium","2026-10-01","passed","2026-10-01","","homepagefix.spec.ts","",""
"","2506","@regression forgot pwd link exist test","chromium","2026-10-01","passed","2026-10-01","","loginpagefix.spec.ts","",""
"","321","@regression PUT API -- update a user","chromium","2026-10-01","passed","2026-10-01","running e2e go rest crud apis tests","api/user.api.spec.ts","",""
"","3811","@regression verify search results count - canon - Canon EOS 5D","chromium","2026-10-01","passed","2026-10-01","","searchpage.spec.ts","",""
"","2864","@regression login to app with invalid credentials with CSV data - - pw1234","chromium","2026-10-01","passed","2026-10-01","","loginpagefix.spec.ts","",""
"","3972","@regression verify search results count - imac - iMac","chromium","2026-10-01","passed","2026-10-01","","searchpage.spec.ts","",""
"","357","@regression POST API -- create a user","chromium","2026-10-01","passed","2026-10-01","running e2e go rest crud apis tests","api/user.api.spec.ts","",""
"","287","@regression booking CRUD with token","chromium","2026-10-01","passed","2026-10-01","","api/booking.api.spec.ts","",""
"","1401","@regression Delete a user test","chromium","2026-10-01","passed","2026-10-01","","api/user.api.individual.spec.ts","",""
"","4087","@regression verify search results count - macbook - MacBook Pro","chromium","2026-10-01","passed","2026-10-01","","searchpage.spec.ts","",""
"","1621","@regression Update a user test","chromium","2026-10-01","passed","2026-10-01","","api/user.api.individual.spec.ts","",""
"","354","@smoke @regression GET API - get all users","chromium","2026-10-01","passed","2026-10-01","running e2e go rest crud apis tests","api/user.api.spec.ts","",""
"","3817","@regression verify search results count - samsung - Samsung Galaxy Tab 10.1","chromium","2026-10-01","passed","2026-10-01","","searchpage.spec.ts","",""
"Verify user can login with valid credentials","3591","@regression user is able to login to app with valid credentials","chromium","2026-10-01","passed","2026-10-01","","Login Tests","",""
"","327","@regression DELETE API -- delete a user","chromium","2026-10-01","passed","2026-10-01","running e2e go rest crud apis tests","api/user.api.spec.ts","",""
"","1039","@regression Create a user test","chromium","2026-10-01","passed","2026-10-01","","api/user.api.individual.spec.ts","",""
"","3110","@regression login to app with invalid credentials with CSV data - pwapril@pw.com -","chromium","2026-10-01","passed","2026-10-01","","loginpagefix.spec.ts","",""
"","3864","@regression verify search results count - macbook - MacBook Air","chromium","2026-10-01","passed","2026-10-01","","searchpage.spec.ts","",""
"","5754","@regression verify product images count","chromium","2026-10-01","passed","2026-10-01","","productpage.spec.ts","",""
"","5463","@regression verify product information/data","chromium","2026-10-01","passed","2026-10-01","","productpage.spec.ts","",""
"","3116","@regression login to app with invalid credentials with CSV data - invalid@open.com - wrong123","chromium","2026-10-01","passed","2026-10-01","","loginpagefix.spec.ts","",""
